Time Step,Anomaly Value
18,9.410534341087068
70,8.052540776944847
116,8.310948555511107
130,9.56571644278991
134,8.270068108198751
181,-9.051480272480969
193,9.504476674461918
195,8.675096664965208
207,-9.399787509207275
219,-8.978141179054369
250,-9.094725424586215
